use asset; 
desc account;
select * from account;
insert into account values ('admin','1234');

-- departments 테이블 생성, 데이터 추가 
desc departments;
select * from departments;
insert into departments (department_name)
values ('Education System'),
	   ('AI Development'),
	   ('IT Management Support'),
	   ('IT Infrastructure'),
	   ('Customer Experience'),
	   ('Intelligent Education'),
	   ('Coding Education'),
	   ('Global Education'),
       ('Management Support Team');
       
       
-- subpart 테이블 생성, 데이터 추가 
desc subpart;
select * from subpart;
insert into subpart (part_no, part_name, departments_department_id)
values (1000,'Education System',1),
	   (2000,'AI Development',2),
	   (2001,'Image Recognition',2),
	   (2002,'Voice Recognition',2),
       (3000,'IT Management Support',3),
       (3001,'System Management',3),
	   (3002,'IT Support',3),
	   (3003,'JEI Management',3),
       (4000,'IT Infrastructure',4),
       (5000,'Customer Experience',5),
	   (5001,'Strategy and Planning',5),
	   (5002,'Design',5),
	   (5003,'User Experience',5), 
       (6000,'Intelligent Education',6),
	   (7000,'Coding Education',7),
	   (8000,'Global Education',8),
       (9000,'Management Support Team',9);


-- equipmentscompany 테이블 생성, 데이터 추가 
desc equipmentscompany;
select * from equipmentscompany;
insert into equipmentscompany 
values ('SA', 'Samsung'),
	   ('AP', 'Apple'),
	   ('LG', 'LG'),
       ('DE', 'Dell'),
       ('LE', 'Lenovo'),
       ('WA','Wacom'),
       ('HP','HP');
       
       
-- equipmentstype 테이블 생성, 데이터 추가 
desc equipmentstype;
select * from equipmentstype;
insert into equipmentstype 
values ('PC', 'DeskTop'),
	   ('TA', 'Tablet'),
	   ('MO', 'Monitor'),
       ('PH', 'Phone'),
       ('PE', 'SmartPen');


-- jobs 테이블 생성, 데이터 추가 
desc jobs;
select * from jobs;
insert into jobs 
values ('S', 'Staff',2700,3150),
	   ('A_MGR', 'Assistant Manager',3150,3900),
       ('MGR', 'Manager',3900,4900),
	   ('DG_MGR', 'Deputy General Manager',4900,6800),
       ('G_MGR', 'General Manager',6800,9000),
       ('MD', 'Managing Director',9000,15000),
       ('P', 'President',11000,20000);
     
     
-- position 테이블 생성, 데이터 추가 
desc position;
select * from position;
insert into position 
values (100, 'Team member', 0),
	   (200, 'Part Leader', 0.1),
	   (300, 'Team Leader', 0.2),
       (400, 'Executive', 0.35),
       (500, 'CEO', 0.5);
       
       
-- employees 테이블 생성, 데이터 추가 
desc employees;
select * from employees;
alter table equipments auto_increment = 1;
insert into employees
(FIRST_NAME, LAST_NAME, EMAIL, PHONE_NUMBER, HIRE_DATE, Jobs_JOB_ID, SALARY, subpart_PART_NO, Position_POSITION_ID)
values
('Kim','Youngseop','daniel@ja.com','010-2532-1462','2003-07-02','DG_MGR',6800,1000,300),
('Yoo','Jeonghoon','elin@ja.com','010-5456-4571','2011-12-02','MGR',4300,1000,100),
('Kim','Jinbeom','polaris@ja.com','010-7763-1462','2015-05-01','MGR',4100,1000,100),
('Lee','Hyunseok','peter@ja.com','010-2355-3581','2017-01-14','A_MGR',3800,1000,100),
('Choi','Sungkyu','sungkyu@ja.com','010-1574-3622','2022-05-07','A_MGR',3300,1000,100),
('Hwang','Jongsu','Jongsu@ja.com','010-4574-8572','2022-01-04','S',3100,1000,100),
('Han','Seulgi','Seulgi@ja.com','010-4574-2237','2022-10-15','S',3050,1000,100),

('Park','Kwangwook','Daan@ja.com','010-2345-2643','2013-06-02','G_MGR',8100,2000,300),
('Kim','Yena','Yena@ja.com','010-4554-1212','2021-10-20','MGR',4400,2001,200),
('Seong','Hyunbeom','hyun@ja.com','010-8785-2354','2008-04-03','DG_MGR',5000,2002,200),
('Jung','Myungwoo','ming@ja.com','010-2344-2135','2013-04-03','MGR',4200,2001,100),
('Jung','Dongmyeong','jinh@ja.com','010-4547-7700','2022-05-03','S',3100,2002,100),
('Jo','Yoonsik','jo@ja.com','010-1234-6023','2022-07-03','S',3050,2001,100),

('Han','Jaecheol','Jaecheol@ja.com','010-8765-6756','2009-08-02','DG_MGR',6500,3000,300),
('Jung','JaeHak','JaeHak@ja.com','010-5565-4997','2001-12-05','DG_MGR',5800,3001,200),
('Shin','Kiseop','Shin@ja.com','010-3468-2884','2002-01-04','G_MGR',7200,3002,200),
('Park','Eunjoo','ejoo@ja.com','010-3394-1223','2004-08-01','DG_MGR',6000,3003,200),
('Kim','Hansol','sol@ja.com','010-4394-5321','2015-08-26','MGR',4300,3003,100),
('Yang','Jiseon','Jiseon@ja.com','010-4434-5321','2022-03-12','S',2900,3003,100),
('Choi','Jeonghun','Jeonghun@ja.com','010-4534-2533','2022-12-07','S',2920,3003,100),
('Lim','Jongwook','Jongwook@ja.com','010-4354-7486','2016-02-02','A_MGR',3800,3001,100),
('Kim','Ayoung','Ayoung@ja.com','010-3233-3391','2019-02-01','A_MGR',3300,3001,100),
('Lee','Dongsoo','Dongsoo@ja.com','010-1234-4413','2020-01-13','S',3100,3001,100),
('Kim','Kyewon','Kyewon@ja.com','010-2321-2321','2022-03-06','S',2900,3001,100),
('Kim','Youngkyu','Youngkyu@ja.com','010-1234-8722','2021-03-11','S',3010,3002,100),
('Park','Boram','Boram@ja.com','010-8988-3734','2022-03-12','S',2900,3002,100),
('Kim','Junho','juno@ja.com','010-8897-1129','2022-11-24','S',2920,3002,100),
('Lee','Dongyeop','Dongyeop@ja.com','010-4543-1129','2022-11-17','S',2920,3002,100),

('Park','Kyungwoo','kyungwoo@ja.com','010-4214-5464','1998-03-15','DG_MGR',6000,4000,300),
('Bae','Yonghyun','yonghyun@ja.com','010-6767-5476','2020-10-03','A_MGR',3500,4000,100),
('Yoon','Juhyuk','Juhyuk@ja.com','010-9898-0906','2022-06-08','A_MGR',3300,4000,100),

('Lee','Kyungmin','Kyungmin@ja.com','010-4542-4454','2021-10-11','G_MGR',6900,5000,300),
('Baek','dusan','dusan@ja.com','010-5735-3545','2017-08-22','MGR',4800,5001,200),
('Kim','Moon','Moonyo@ja.com','010-1235-3434','2013-04-12','MGR',4500,5002,200),
('Lee','Donghyun','Donghyun@ja.com','010-4533-7358','2015-03-02','MGR',4300,5003,100),
('Yoo','Seungwan','Seungwan@ja.com','010-4863-2165','2017-01-16','MGR',4200,5001,100),
('Kim','Seungyeon','Seungyeon@ja.com','010-5525-5353','2022-09-03','S',2900,5001,100),
('Kang','Dahyun','Dahyun@ja.com','010-2525-8868','2022-07-04','S',2920,5001,100),
('Kim','Seonhak','Seonhak@ja.com','010-3758-7695','2022-07-04','A_MGR',3160,5002,100),
('Kim','Seonjoo','Seonjoo@ja.com','010-7323-5718','2021-11-22','S',2980,5002,100),
('Chae','Hyesoo','Hyesoo@ja.com','010-4257-2377','2021-11-17','S',2980,5002,100),

('Kim','Mikyung','mia@ja.com','010-2778-4738','2003-07-02','DG_MGR',5000,6000,300),
('Park','Jihye','jestina@ja.com','010-4567-4538','2006-07-03','DG_MGR',4950,6000,100),
('Park','Taejin','god@ja.com','010-4238-6556','2011-06-03','MGR',4300,6000,100),
('Kim','sohee','jane@ja.com','010-3211-7522','2014-11-30','A_MGR',3300,6000,100),

('Lee','Jaechun','dia@ja.com','010-3218-4163','1995-03-02','DG_MGR',6500,7000,300),
('Jeong','Yoojeong','engcod@ja.com','010-1107-2146','2017-01-15','DG_MGR',5500,7000,100),
('Kim','Yuri','Yuri@ja.com','010-3467-4526','2021-10-21','A_MGR',3200,7000,100),

('Lee','Junglim','Junglim@ja.com','010-2352-2653','1997-05-14','DG_MGR',6300,8000,300),
('Kim','Taeeun','Taeeun@ja.com','010-2348-2386','2012-10-08','MGR',4200,8000,100),
('Ji','Somin','Somin@ja.com','010-4284-3247','2021-05-12','S',2850,8000,100),

('Kim','Seokmin','Seokmin@ja.com','010-8678-6564','2022-11-17','MGR',4100,9000,100),
('Kim','Dajeong','Dajeong@ja.com','010-5765-4358','2022-11-17','S',2700,9000,100);

insert into employees
(FIRST_NAME,LAST_NAME,EMAIL,PHONE_NUMBER,HIRE_DATE,Jobs_JOB_ID,SALARY)
values
('Baek','Gyutae','daek@ja.com','010-1234-6426','2021-07-12','P',12000);
insert into employees
(FIRST_NAME,LAST_NAME,EMAIL,PHONE_NUMBER,HIRE_DATE,Jobs_JOB_ID,SALARY)
values
('Han','Seongjae ','has@ja.com','010-1234-8656','2021-11-22','MD',11000);


-- equipments 테이블 생성, 데이터 추가 
desc equipments;
select * from equipments;
alter table equipments auto_increment = 1;
insert into equipments
(equipmentstype_TYPE_ID,equipmentscompany_CO_ID,MODEL,SERIAL_NO,PURCHASE_DATE,PRICE)
values 
('PC','LE','M70s','PC1K7MVV','2020-11-17',86),
('PC','LE','M70s','PC1MKH2M','2020-11-17',86),
('PC','LE','M70s','PC1MKH2R','2020-11-17',86),
('PC','LE','M70s','PC1MKH32','2020-11-17',86),
('PC','LE','M70s','PC1MKH47','2020-11-17',86),
('PC','LE','M70s','PC1MKH4A','2020-11-17',86),
('PC','LE','M70s','PC1MKH4E','2020-11-17',86),
('PC','LE','M70s','PC1MKH4J','2020-11-17',86),
('PC','LE','M70s','PC1MKH4K','2020-11-17',86),
('PC','LE','M70s','PC1MKH4P','2020-11-17',86),
('PC','LE','M70s','PC1MKH4T','2020-11-17',86),
('PC','LE','M70s','PC1MKH4X','2020-11-17',86),
('PC','LE','M70s','PC1MKH5V','2020-11-17',86),
('PC','LE','M70s','PC1MKH60','2020-11-17',86),
('PC','LE','M70s','PC1MKH62','2020-11-17',86),
('PC','LE','M70s','PC1MKH6Y','2020-11-17',86),
('MO','LE','T24i-20','VKDF5729','2020-11-17',19),
('MO','LE','T24i-20','VKDF5731','2020-11-17',19),
('MO','LE','T24i-20','VKDF5732','2020-11-17',19),
('MO','LE','T24i-20','VKDF5733','2020-11-17',19),
('MO','LE','T24i-20','VKDF5734','2020-11-17',19),
('MO','LE','T24i-20','VKDF5738','2020-11-17',19),
('MO','LE','T24i-20','VKDF5979','2020-11-17',19),
('MO','LE','T24i-20','VKDF5980','2020-11-17',19),
('MO','LE','T24i-20','VKDF5981','2020-11-17',19),
('MO','LE','T24i-20','VKDF6119','2020-11-17',19),
('MO','LE','T24i-20','VKDF6121','2020-11-17',19),
('MO','LE','T24i-20','VKDF6122','2020-11-17',19),
('MO','LE','T24i-20','VKDF6123','2020-11-17',19),
('MO','LE','T24i-20','VKDF6250','2020-11-17',19),
('MO','LE','T24i-20','VKDF6251','2020-11-17',19),
('MO','LE','T24i-20','VKDF6252','2020-11-17',19),
('MO','LE','T24i-20','VKDF6392','2020-11-17',19),
('MO','LE','T24i-20','VKDF6436','2020-11-17',19),
('MO','LE','T24i-20','VKDF6440','2020-11-17',19),
('MO','LE','T24i-20','VKDF6496','2020-11-17',19),
('MO','LE','T24i-20','VKDH1406','2020-11-17',19),
('MO','LE','T24i-20','VKDH1407','2020-11-17',19),
('MO','LE','T24i-20','VKDH1418','2020-11-17',19),
('MO','LE','T24i-20','VKDH1419','2020-11-17',19),
('MO','LE','T24i-20','VKDH1432','2020-11-17',19),
('MO','LE','T24i-20','VKDH1436','2020-11-17',19),
('MO','LE','T24i-20','VKDH1438','2020-11-17',19),
('MO','LE','T24i-20','VKDH1627','2020-11-17',19),
('MO','LE','T24i-20','VKDH1640','2020-11-17',19),
('MO','LE','T24i-20','VKDH1644','2020-11-17',19),
('MO','LE','T24i-20','VKDH1646','2020-11-17',19),
('MO','LE','T24i-20','VKDH1690','2020-11-17',19),
('MO','LE','T24i-20','VKDH1691','2020-11-17',19),
('MO','LE','T24i-20','VKDH1850','2020-11-17',19),
('MO','LE','T24i-20','VKDH1851','2020-11-17',19),
('MO','LE','T24i-20','VKDH1854','2020-11-17',19),
('MO','LE','T24i-20','VKDH1863','2020-11-17',19),
('MO','LE','T24i-20','VKDH1877','2020-11-17',19),
('MO','LE','T24i-20','VKDH1878','2020-11-17',19),
('MO','LE','T24i-20','VKDH1880','2020-11-17',19),
('MO','LE','T24i-20','VKDH1881','2020-11-17',19),
('MO','LE','T24i-20','VKDH1882','2020-11-17',19),
('MO','DE','U2412MB','CN-0TVWCP-74261-3CR-28VS','2014-01-01',41),
('MO','LG','24EA53VQ','402NDVW6B127','2014-01-01',20),
('MO','LG','24EA53VQ','402NDLS6B016','2014-01-01',20),
('MO','LG','24EA53VQ','402NDTC6B017','2014-01-01',20),
('MO','LG','24MT55D','501KKEBAB460','2014-01-01',20),
('MO','LG','27MP47HQ','601NTBKFW437','2016-03-01',25),
('MO','LG','29UM58','606NTMX7N243','2016-07-01',29),
('MO','LG','29UM58','701NTJJ2Y164','2016-07-01',29),
('MO','LG','29UM58','605NTPCD0808','2016-12-01',25),
('MO','LG','29UM58','708NTKF2Y549','2016-12-01',25),
('MO','LG','29UM58','701NTBK2Y165','2016-12-01',25),
('MO','LG','29UM58','701NTGY2Y175','2016-12-01',25),
('MO','LG','29UM58','605NTABD0800','2016-12-01',25),
('MO','LG','29UM58','605NTLED0816','2016-12-01',25),
('MO','LG','29UM58','701NTNH2Y279','2016-12-01',25),
('MO','LG','29UM58','701NTUW2Y278','2016-12-01',25),
('MO','LG','29UM58','701NTRL2X830','2016-12-01',25),
('MO','LG','29UM58','701NTZN2Y173','2016-12-01',25),
('MO','LG','29UM58','701NTRL2Y166','2017-01-01',25),
('MO','LG','29UM58','708NTMX2Y547','2017-01-01',25),
('MO','LG','29UM58','605NTRLD0686','2017-01-01',25),
('MO','LG','29UM58','605NTVSD0807','2017-01-01',25),
('MO','LG','29UM58','701NTVS2Y167','2017-01-01',25),
('MO','LG','29UM58','708NTTQ2Y545','2017-01-01',25),
('MO','LG','29UM58','605NTFAD0803','2017-01-01',25),
('MO','LG','29UM58','701NTMX2Y275','2017-01-01',25),
('MO','LG','29UM58','605NTLED0720','2017-01-01',25),
('MO','LG','27MP47HQ','601NTTQFW449','2016-03-01',25),
('PH','AP','MG132KH/A','FFMP71M0FYW8','2015-05-19',62),
('TA','AP','A1822','DMPTJREXHLF9','2017-05-09',42),
('TA','AP','A1822','DMPTJHNGHLF9','2017-05-09',42),
('TA','AP','A1822','DMPTJPABHLF9','2017-05-09',42),
('TA','AP','A1822','DMPTJML7HLF9','2017-05-09',42),
('TA','AP','A1822','DMPTJNCZHLF9','2017-05-09',42),
('TA','AP','A1822','DMPTJDNZHLF9','2017-05-09',42),
('TA','AP','A1822','DMPTJRGJHLF9','2017-05-09',42),
('TA','AP','A1822','DMPTJNAMHLF9','2017-05-09',42),
('TA','AP','A1822','DMPTJR9NHLF9','2017-05-09',42),
('TA','AP','A1822','DMPTJMBAHLF9','2017-05-09',42),
('TA','AP','A1822','DMPTJMCFHLF9','2017-05-09',42),
('TA','AP','A1822','DMPTJLR0HLF9','2017-05-09',42),
('TA','AP','A1822','DMPTJLRUHLF9','2017-05-09',42),
('TA','AP','A1822','DMPTJM1DHLF9','2017-05-09',42),
('TA','AP','A1822','DMPTJNVKHLF9','2017-05-09',42),
('TA','AP','A1822','DMPTJLBPHLF9','2017-05-09',42),
('TA','AP','A1822','DMPTJLLHHLF9','2017-05-09',42),
('TA','AP','A1822','DMPTJHZ8HLF9','2017-05-09',42),
('TA','AP','A1822','DMPTJMEPHLF9','2017-05-09',42),
('TA','AP','A1822','DMPTJLHZHLF9','2017-05-09',42),
('TA','AP','A1822','DMPTJMBUHLF9','2017-05-09',42),
('TA','AP','A1822','DMPTJLFBHLF9','2017-05-09',42),
('TA','AP','A1822','DMPTJLSHHLF9','2017-05-09',42),
('TA','WA','PTH-451/K','7BCH001417','2017-05-22',13),
('TA','WA','PTH-451/K','7BCH001418','2017-05-22',13),
('TA','AP','A1822','GCVVV03RHLF9','2018-01-23',42),
('TA','AP','A1822','GCTVW55KHLF9','2018-01-23',42),
('TA','AP','A1822','GCTVW2LQHLF9','2018-01-23',42),
('TA','AP','A1822','GCTVW0JJHLF9','2018-01-23',42),
('TA','AP','A1822','GCVVV05WHLF9','2018-01-23',42),
('TA','AP','A1670','DLXW32XPJ263','2018-03-02',110),
('TA','AP','A1670','DLXW32VDJ263','2018-03-02',110),
('TA','AP','A1670','DLXW32ZZJ263','2018-03-02',110),
('PH','AP','A1901','G6VVV66GJCLH','2018-02-19',142),
('PH','AP','A1778','DNPVT4F4HG7G','2018-02-19',78),
('PH','SA','SM-G950S','R39J504XB9','2018-07-11',50),
('PH','SA','SM-N950S','R39K102GEM','2018-07-11',73),
('TA','AP','A1893','DMQWN3EQJF8J','2018-07-02',42),
('TA','AP','A1893','DMQWNJNVJF8J','2018-07-02',42),
('TA','AP','A1893','DMQWNMDTJF8J','2018-07-02',42),
('TA','AP','A1893','DMQWNL9RJF8J','2018-07-02',42),
('TA','AP','A1893','DMQWNLAZJF8J','2018-07-02',42),
('TA','AP','A1893','DMQWNKJSJF8J','2018-07-02',42),
('TA','AP','A1893','DMQWNK43JF8J','2018-07-02',42),
('TA','AP','A1893','DMQWNL8SJF8J','2018-07-02',42),
('TA','AP','A1893','DMTWD1RVJF8J','2018-07-02',42),
('TA','AP','A1893','DMQWNK64JF8J','2018-07-02',42),
('TA','AP','A1893','DMQWNKEXJF8J','2018-07-02',42),
('TA','AP','A1893','DMQWNKSFJF8J','2018-07-02',42),
('TA','AP','A1893','DMQX6NNAJF8J','2018-07-02',42),
('TA','AP','A1893','DMQWNNJAJF8J','2018-09-03',42),
('TA','AP','A1893','DMRX681GJF8J','2018-09-03',42),
('TA','AP','A1893','DMPX6FLNJF8J','2018-09-03',42),
('TA','AP','A1893','DMPX6CA2JF8J','2018-09-03',42),
('TA','AP','A1893','DMQX6CLTJF8J','2018-09-03',42),
('TA','AP','A1893','DMQX6EWHJF8J','2018-09-03',42),
('TA','AP','A1893','DMPX6D2RJF8J','2018-09-03',42),
('TA','AP','A1893','DMPX6520JF8J','2018-09-03',42),
('TA','AP','A1893','DMQX5UQ1JF8J','2018-09-03',42),
('TA','AP','A1893','DMPX6CD2JF8J  ','2018-09-03',42),
('TA','AP','A1893','DMPX6E2BJF8J','2018-09-03',42),
('TA','AP','A1893','DMPXTC41JF8J','2019-01-11',42),
('TA','AP','A1893','DMPXTJHGJF8J','2019-01-11',42),
('TA','AP','A1893','DMQXXSRGJF8J','2019-01-11',42),
('TA','AP','A1893','DMQXXR8TJF8J','2019-01-11',42),
('TA','AP','A1893','DMQXXRF1JF8J','2019-01-11',42),
('TA','AP','A1893','DMQXXRCDJF8J','2019-01-11',42),
('TA','AP','A1893','DMQXX0DNJF8J','2019-01-11',42),
('TA','AP','A1893','DMPXTGAJJF8J','2019-01-11',42),
('TA','AP','A1893','DMPXTG56JF8J','2019-01-11',42),
('TA','AP','A1893','DMPXTXV5JF8J','2019-01-11',42),
('TA','WA','DTK-1660','9CQ00X1009727','2019-06-19',102),
('TA','AP','A1934','DMPYR0S0KD7V','2019-06-19',146),
('PH','SA','SM-F907N','R3CMA0A813R','2019-11-20',240),
('PH','SA','SM-M205N','R59M905HASK','2019-11-20',22),
('PH','LG','LM-X625N','910HUDF1014130','2019-11-20',35),
('PH','AP','A2105','F2LZ81PKKXK2','2019-11-20',99),
('PH','AP','A2218','FK1ZHT42N70R','2019-11-20',139),
('TA','SA','SM-T510','R54MA02VHJD','2019-11-28',30),
('TA','SA','SM-T510','R54MA02VFVV','2019-11-28',30),
('TA','SA','SM-T510','R54MA02VG3N','2019-11-28',30),
('TA','SA','SM-T510','R54MA01Q68D','2019-11-28',30),
('TA','SA','SM-T510','R54MA02VR8T','2019-11-28',30),
('TA','SA','SM-T510','R54MA02VRBN','2019-11-28',30),
('TA','SA','SM-T510','R54MA02VLAH','2019-11-28',30),
('TA','SA','SM-T510','R54MA02VEBH','2019-11-28',30),
('TA','SA','SM-T510','R54MA02VQZA','2019-11-28',30),
('TA','SA','SM-T510','R54MA02VMRF','2019-11-28',30),
('TA','SA','SM-T510','R54MA02VRPD','2019-11-28',30),
('TA','SA','SM-T510','R54MA02VQDA','2019-11-28',30),
('TA','SA','SM-T510','R54MA02VMGZ','2019-11-28',30),
('TA','SA','SM-T510','R54MA02VKBP','2019-11-28',30),
('TA','SA','SM-T510','R54MA02VHNT','2019-11-28',30),
('TA','SA','SM-T510','R54MA02VL4J','2019-11-28',30),
('TA','SA','SM-T510','R54MA02VN3R','2019-11-28',30),
('TA','SA','SM-T510','R54MA02VKMV','2019-11-28',30),
('TA','SA','SM-T510','R54MA02VLQV','2019-11-28',30),
('TA','SA','SM-T510','R54MA01Q66B','2019-11-28',30),
('TA','SA','SM-T510','R54MA02VMEW','2019-11-28',30),
('TA','WA','DTK-1660','9Gq00X1010236','2019-11-12',88),
('TA','WA','DTK-1660','9KQ00X1008097','2020-04-10',88),
('TA','WA','DTK-1660','9KQ00X1008098','2020-04-10',88),
('TA','WA','DTK-1660','1EQ00X1003755','2021-11-01',71),
('PC','DE','Vostro200','4C64CBX','2007-12-03',50),
('PC','SA','DB-A75','ER7596AQA00028B','2008-01-03',50),
('PC','DE','OPTIPLEX360','36TVKBX','2008-03-03',50),
('PC','HP','DC5800','CNG9030R0L','2009-01-03',50),
('PC','HP','dc5800','CNG9030R69','2009-01-03',50),
('PC','SA','DB-A150','ZOA096ASC00037E','2009-12-03',50),
('PC','LE','M81','PBBWZLM','2012-04-03',81),
('PC','LE','M81','PBYWP15','2012-04-03',81),
('PC','SA','DM-V600','FZH698EC6A0030E','2012-10-22',71),
('PC','LE','M81','PBBWZMN','2013-01-03',81),
('PC','LE','M81','PBBWZMW','2013-01-03',81),
('PC','LE','M81','PBBWZPC','2013-01-03',81),
('PC','LE','M72e','PB7GLHN','2013-03-21',73),
('PC','HP','Pro 6300 SFF','6CR31642YT','2013-05-10',50),
('PC','LE','M72e','PB0P86T','2013-05-22',58),
('PC','LE','M72e','PB4ARB6','2013-05-22',58),
('PC','LE','M72e','PB9B0ZY','2013-05-22',62),
('PC','LE','M72e','PBYWP11','2013-05-22',62),
('PC','LE','M72e','PB7GPLE','2013-09-03',62),
('PC','LE','M72e','PB7GPLG','2013-09-03',73),
('PC','AP','MacBook Pro','C02MJ5FGFD57','2014-06-11',300),
('PC','LG','14Z950','503NZGK042447','2015-05-31',160),
('PC','SA','NT900X5L','OJRW91GH300762L','2016-05-27',167),
('PC','LG','15ZD960-GX70K','605NZYB053338','2016-05-27',158),
('PC','AP','MacBook 12','C02S505TGTJ3','2016-08-09',251),
('PC','AP',"'IMAC Retina 5K 27""'",'C02RD08HGQ18','2016-03-23',331),
('PC','LE','M700','PC0F9C65','2016-12-30',77),
('PC','LE','M700','PC0KV27U','2016-12-30',77),
('PC','AP','A1707','C02TF0XEGTDY','2017-03-31',330),
('PC','AP','A1707','C02TF0GPGTDY','2017-03-31',330),
('PC','LG','14Z970','705NZXE015682','2017-07-07',136),
('PC','AP','A1707','C02TF0L0GTDY','2017-03-31',330),
('PC','AP','A1707','C02TF0XGGTDY','2017-03-31',330),
('PC','HP','EliteDesk 800','6CR6437P3Z','2017-01-02',129),
('PC','LE','M700','PC0DC91E','2017-04-21',79),
('PC','LG','15UD480','807QCKJ569045','2018-10-17',89),
('PC','SA','NT950QAA-X716','0UNN91AK400072T','2018-04-13',220),
('PC','LG','14Z980','809NZTS028865','2018-10-17',136),
('PC','LG','14Z980','808NZQR005140','2018-09-21',135),
('PC','LE','M710s','PC0SPHEY','2018-07-31',79),
('PC','HP','ProDesk 400','4CE82737XJ','2018-09-21',156),
('PC','HP','ProDesk 400','4CE8273806','2018-09-21',156),
('PC','LE','M720s','PC0XKS71','2018-12-24',105),
('PC','SA','NT951SBE-X78/C','0YQH91CM300192L','2019-12-31',216),
('PC','LE','M720s','PC10D7X8','2019-08-12',81),
('PC','LE','M720s','PC10D8Q3','2019-08-12',81),
('PC','AP','A2141','C02C73KUMD6M','2020-07-28',309),
('PC','AP','A1932','FVFC206ELYWP','2020-01-22',186),
('PC','AP','A2141','C02C8ECSMD6M','2020-07-28',309),
('PC','LG','15Z990','002NZPW013808','2020-03-19',148),
('PC','LE','M720s','PC15NQ02','2020-03-19',79),
('PC','LE','M720s','PC15NQ2T','2020-03-19',79),
('PC','LE','M720s','PC15YCDS','2020-03-19',79),
('PC','AP','MacBook Pro','C02F326AML7H','2021-10-19',234),
('PC','SA','NT950QDY-K71A','5CW99FHRA00132K','2021-10-20',208),
('PC','SA','NT950XDC-X71AS','4Z3Z9FGR400005','2021-08-02',174),
('PC','LE','M70s','PC209E9Y','2022-01-10',86),
('MO','HP','HPL1706','CNC50415FT','2006-03-03',21),
('MO','SA','BX2240','ZTHKHVMBA00256','2011-11-28',21),
('MO','SA','BX2240','ZTHKHVMB700481','2012-06-20',13),
('MO','SA','BX2240','ZTHKHVMB700491','2012-06-20',13),
('MO','SA','BX2240','ZTHKHVMB700492','2012-06-20',13),
('MO','SA','BX2240','ZTHKHVMB700908','2012-06-20',13),
('MO','SA','BX2240','ZTHKHVMBA00568','2012-06-20',13),
('MO','SA','BX2240','ZTHKHVMBA00716','2012-06-20',13),
('MO','SA','BX2240','ZTHKHVMBA00740','2012-06-20',13),
('MO','SA','BX2240','ZTHKHVMBA01334','2012-06-20',13),
('MO','SA','BX2240','ZTHKHVMBA01342','2012-06-20',13),
('MO','SA','BX2240','ZTHKHVMBA01356','2012-06-20',13),
('MO','DE','U2412','CN-0TVWCP-74261-3CR-29H5','2012-07-31',27),
('MO','DE','U2412','CN-0TVWCP-74261-492-0KYS','2012-07-31',27),
('MO','DE','U2412','CN-OGHN3R-74261-26R-OLKL','2012-07-31',27),
('MO','SA','LS22C45KBSS','ZXAKHTMCB00663','2013-01-22',21),
('MO','SA','LS22C45KBSS','ZXAKHTNCA00447','2013-01-22',21),
('MO','LE','LT2252pwA','V1N7351','2013-09-03',20),
('MO','LG','24EA53VA','402NDHB68B129','2014-02-20',19),
('MO','DE','U2412','CN-080P88-64180-5A9-0G5S','2015-01-04',28),
('MO','DE','U2412','CN-080P88-64180-5A9-0H2S','2015-01-04',28),
('MO','DE','U2412','CN-0TVWCP-74261-49Q-17WS','2015-07-08',28),
('MO','AP','CINEMA DISPLAY','C02PJ2NWF2GC','1905-07-07',41),
('MO','AP','CINEMA DISPLAY','C02PJ2QMF2GC','1905-07-07',41),
('MO','AP','CINEMA DISPLAY','C02PQ411F2GC','1905-07-07',41),
('MO','AP','CINEMA DISPLAY','C02PJ2SEF2GC','1905-07-07',41),
('MO','DE','U2412','CN-0TVWCP-74261-49Q-17RS','2016-03-10',26),
('MO','DE','U2412','CN-OTVWCP-74261-3CK-0F9S','2016-03-10',26),
('MO','LG','29UM58','605NTYTD0882','2016-05-03',29),
('MO','DE','U2412','CN-0TVWCP-74261-492-1NLS','2016-05-03',26),
('MO','DE','U2412','CN-0TVWCP-74261-495-0VRS','2016-05-03',26),
('MO','DE','U2412','CN-OTVWCP-74261-3CK-0F8S','2016-05-03',26),
('MO','LG','29UM58','701NTWG2Y281','2017-01-03',25),
('MO','DE','U2412','CN-077PYH-64180-71D-08SU-A04','2017-04-21',24),
('MO','DE','U2412','CN-077PYH-64180-71D-096U-AA04','2017-04-21',24),
('MO','DE','U2412','CN-077PYH-64180-71D-0AUU-A04','2017-04-21',24),
('MO','DE','ND7GD','CN-0ND7GD-74445-696-384L-A02','2017-05-22',61),
('MO','DE','ND7GD','CN-0ND7GD-74445-6A6-AGXL-A02','2017-05-22',61),
('MO','DE','U2722D','CN-0G8X1F-WSL00-1AJ-555L','2021-07-14',51),
('MO','DE','U2722D','CN-0G8X1F-WSL00-1AJ-669L','2021-07-14',51),
('MO','DE','U2722D','CN-0G8X1F-WSL00-1AJ-549L','2021-07-14',51),
('PC','LG','13ZD940-GX70K','404NZZA015853','2014-01-13',136),
('PC','AP','late2013','C02MW24GF8J4','2014-07-03',191),
('PC','AP','late2013','C02MW24ZF8J4','2014-07-11',191),
('PC','LG','13ZD940-GX70K','404NZMM016051','2014-08-30',136),
('PC','LG','14Z590-GT70K','412NZHH339505','2015-01-27',136),
('PC','LG','14Z590-GT70K','412NZBX339525','2015-01-27',136),
('PC','LG','14Z590-GT70K','412NZHH339529','2015-01-27',136),
('PC','LG','14Z590-GT70K','412NZGK339727','2015-02-25',136),
('PC','LG','14Z590-GT70K','505NZPW032472','2015-07-25',136),
('PC','AP','A1419','C02QC0H8FY14','2015-09-03',376),
('PC','AP','A1502','C02QD0C9FVH6','2015-09-03',283),
('PC','AP','A1502','C02QD0C8FVH6','2015-09-03',283),
('PC','AP','iMac','C02RM04ZGQ18','2016-05-04',376),
('PC','AP','MacBook Pro','C02RK40WG8WN','2016-05-04',276),
('PC','AP','MacBook Pro','C02S13WXG8WP','2016-07-13',379),
('PC','AP','MacBook Pro','C02S13UQG8WP','2016-07-13',379),
('PC','AP','MacBook Air','FVFST0BLH3QK','2016-12-09',198),
('PC','AP','MacBook Air','FVFST0DYH3QK','2016-12-09',198),
('PC','AP','MacBook Air','FVFST0DXH3QK','2016-12-09',198),
('PC','AP','MacBook Air','FVFST09NH3QK','2016-12-09',198),
('PC','AP','MacBook Air','FVFST09HH3QK','2016-12-09',198),
('PC','AP','MacBook Air','FVFST09MH3QK','2016-12-09',198),
('PC','AP','MacBook Air','FVFST09KH3QK','2016-12-09',198),
('PC','AP','MacBook Air','FVFST09EH3QK','2016-12-09',198),
('PC','AP','MacBook Air','FVFST09JH3QK','2016-12-09',198),
('PC','AP','MacBook Air','FVFT10KXH3QK','2017-01-18',200),
('PC','AP','MacBook Air','FVFT10KFH3QK','2017-01-18',200),
('PC','AP','MacBook Air','FVFT10KQH3QK','2017-01-18',200),
('PC','AP','MacBook Air','FVFT10KVH3QK','2017-01-18',200),
('PC','AP','MacBook Air','FVFT10KPH3QK','2017-01-18',200),
('PC','AP','MacBook Air','FVFT10KJH3QK','2017-01-18',200),
('PC','AP','MacBook Air','FVFT10KSH3QK','2017-01-18',200),
('PC','AP','MacBook Air','FVFT10KMH3QK','2017-01-18',200),
('PC','AP','MacBook Air','FVFT10KRH3QK','2017-01-18',200),
('PC','AP','MacBook Air','FVFT10KKH3QK','2017-01-18',200),
('PC','AP','MacBook Air','FVFT10KTH3QK','2017-01-18',200),
('PC','AP','MacBook Air','FVFT10KLH3QK','2017-01-18',200),
('PC','AP','MacBook Air','FVFT10KYH3QK','2017-01-18',200),
('PC','AP','MacBook Air','FVFT10KZH3QK','2017-01-18',200),
('PC','AP','MacBook Air','FVFT10KHH3QK','2017-01-18',200),
('PC','AP','MacBook Air','FVFT10KUH3QK','2017-01-18',200),
('PC','AP','MacBook Air','FVFT10KGH3QK','2017-01-18',200),
('PC','AP','MacBook Air','FVFT10KWH3QK','2017-01-18',200),
('PC','AP','MacBook Air','FVFT10DMH3QK','2017-01-18',200),
('PC','AP','MacBook Air','FVFT10LDH3QK','2017-01-18',200),
('PC','AP','MacBook Air','FVFT10L1H3QK','2017-01-18',200),
('PC','AP','MacBook Air','FVFT10LAH3QK','2017-01-18',200),
('PC','AP','MacBook Air','FVFT10LBH3QK','2017-01-18',200),
('PC','AP','MacBook Air','FVFT10LCH3QK','2017-01-18',200),
('PC','AP','MacBook Air','FVFT10LGH3QK','2017-01-18',200),
('PC','AP','MacBook Air','FVFT10L9H3QK','2017-01-18',200),
('PC','AP','MacBook Air','FVFT10LFH3QK','2017-01-18',200),
('PC','AP','MacBook Air','FVFT10LHH3QK','2017-01-18',200),
('PC','AP','MacBook Air','FVFT10LEH3QK','2017-01-18',200),
('PC','AP','MacBook Air','FVFT10L0H3QK','2017-01-18',200),
('PC','AP','MacBook Pro','C02T22LVGTDX','2017-01-26',379),
('PC','AP','iMac','C02T2067GQ17','2017-01-26',376),
('PC','AP','MacPro ','F5KPF079F9VM','2015-06-01',374),
('PC','AP','MacPro ','F5KPC08TF9VM','2015-06-01',374),
('PC','AP','MacPro ','YM035HDEUF','2015-06-01',374),
('PC','AP','MacBook Pro','C02V34DFHTD6','2017-08-01',312),
('PC','AP','Macbook Air','FVFW40Q7J1WV','2018-02-06',200),
('PC','AP','Macbook Air','FVFW40Q6J1WV','2018-02-06',200),
('PC','AP','Macbook Air','FVFW40J6J1WV','2018-02-06',200),
('PC','AP','Macbook Air','FVFW40JBJ1WV','2018-02-06',200),
('PC','AP','Macbook Air','FVFW40SDJ1WV','2018-02-06',200),
('PC','AP','Macbook Air','FVFW40JFJ1WV','2018-02-06',200),
('PC','AP','Macbook Air','FVFW40JAJ1WV','2018-02-06',200),
('PC','AP','Macbook Air','FVFW40J7J1WV','2018-02-06',200),
('PC','AP','Macbook Air','FVFW40J8J1WV','2018-02-06',200),
('PC','AP','Macbook Air','FVFW40JCJ1WV','2018-02-06',200),
('PC','AP','Macbook Pro','FVFWN2ELHV2H','2018-05-09',259),
('PC','AP','Macbook Pro','FVFWN2EKHV2H','2018-05-09',259),
('PC','AP','Macbook Air','FVFWM0F5J1WV','2018-05-10',200),
('PC','AP','Macbook Air','FVFWM0F4J1WV','2018-05-10',200),
('PC','AP','Macbook Air','FVFWM0GXJ1WV','2018-05-10',200),
('PC','AP','Macbook Air','FVFX60N3J1WV','2018-08-03',200),
('PC','AP','iMac','C02G402BPN5W','2021-11-01',349),
('PC','AP','A2115','C02GR14ZPN7C','2021-07-14',349),
('PC','AP','A2115','C02GR0DNPN7C','2021-07-14',349),
('PC','AP','A2115','C02GP04SPN5W','2021-07-14',349),
('PC','AP','A2442','THD4TDTWQG','2021-07-14',390),
('TA','WA','PTH-451/K','3ICH002907','2017-05-22',13),
('TA','WA','PTH-451/K','5LCH003726','2017-05-22',13),
('TA','WA','PTH-451/K','5JCH001231','2017-05-22',13),
('PC','AP','A2615','WV7FJDV70K','2022-05-09',230),
('PC','AP','A2615','FJT7TXJ70D','2022-05-09',230),
('PC','AP','A2615','F52K7MN7XD','2022-06-14',230),
('PC','AP','A2615','KW46R944MN','2022-06-14',230),
('MO','AP','A2525','RQMY3QGXW2','2022-06-14',186),
('MO','AP','A2525','QM0DWYVGKH','2022-06-14',186),
('MO','AP','A2525','QG6MMVQGYQ','2022-06-14',186),
('MO','AP','A2525','QNJGJQCT76','2022-06-14',186),
('PC','HP','HP Probook 450 G2','CND5261ZRF','2015-10-27',102),
('MO','LG','LG 29UM58','709NTVSE8191','2021-04-01',10),
('PC','HP','HP Pavilion P6','4CE21106ZW','2012-12-10',42),
('MO','LG','LG 29UM58','709NTMXE8083','2021-04-01',10),
('PC','AP','Macbook Air','FVFX60N8J1WV','2018-10-01',161),
('PC','LE','M720s','PC1BXP12','2020-01-15',65),
('MO','LG','LG 29UM58','701NTVW2Y182','2021-04-01',10),
('PC','AP','Macbook Air','FVFX60N9J1WV','2018-10-01',161),
('MO','LG','LG 29UM58','605NTODD0884','2021-04-01',10),
('PC','AP','Macbook Air','FVFX60N2J1WV','2018-10-01',161),
('MO','LG','LG 29UM58','701NTDV2Y274','2021-04-01',10),
('TA','SA','SM-T500NZAEKOO','R9TR20PYGYJ','2021-04-01',31),
('PC','AP','Macbook Air','FVFX60N5J1WV','2018-10-01',161),
('MO','LG','LG 29UM58','708NTEP2Y548','2018-10-01',5),
('MO','LG','LG 29UM58','701NTQD2Y172','2021-04-01',10),
('MO','LG','LG 29UM58','605NTLED0888','2021-04-01',10),
('MO','LG','LG 29UM58','605NTBKD0805','2018-10-01',5),
('MO','LG','LG 29UM58','701NTAB2Y160','2018-10-01',5),
('MO','LG','LG 29UM58','701NTHM2Y193','2021-04-01',10),
('TA','WA','PTH-651/K','5BCH002209','2017-05-22',13),
('MO','LG','LG 29UM58','709NTCZE7835','2022-11-21',25);

-- rental table 생성
desc rental;
select * from rental;
alter table rental auto_increment = 1;
insert into rental
(equipments_EQUIPMENT_ID, employees_EMPLOYEE_ID, start_date, status)
values (1,17,'2020-10-27','대여'),
	   (2,18,'2020-10-27','대여'),
	   (3,19,'2020-10-27','대여'),
	   (4,20,'2020-10-27','대여'),
	   (5,21,'2020-10-27','대여'),
	   (6,22,'2020-10-27','대여'),
	   (7,23,'2020-10-27','대여'),
	   (8,24,'2020-10-27','대여'),
	   (9,25,'2020-10-27','대여'),
	   (10,26,'2020-10-27','대여'),
       (11,27,'2020-10-27','대여'),
       (12,28,'2020-10-27','대여'),
       (13,29,'2020-10-27','대여'),
       (14,30,'2020-10-27','대여'),
       (15,31,'2020-10-27','대여'),
       (17,17,'2020-10-27','대여'),
       (18,17,'2020-10-27','대여'),
       (19,18,'2020-10-27','대여'),
       (20,18,'2020-10-27','대여'),
       (21,19,'2020-10-27','대여'),
       (22,19,'2020-10-27','대여'),
       (23,20,'2020-10-27','대여'),
       (24,20,'2020-10-27','대여'),
       (25,21,'2020-10-27','대여'),
       (26,21,'2020-10-27','대여'),
       (27,22,'2020-10-27','대여'),
       (28,22,'2020-10-27','대여'),
       (29,23,'2020-10-27','대여'),
       (30,23,'2020-10-27','대여'),
       (31,24,'2020-10-27','대여'),
       (32,24,'2020-10-27','대여'),
       (33,25,'2020-10-27','대여'),
       (34,25,'2020-10-27','대여'),
       (35,26,'2020-10-27','대여'),
       (36,26,'2020-10-27','대여'),
       (37,27,'2020-10-27','대여'),
       (38,27,'2020-10-27','대여'),
       (39,28,'2020-10-27','대여'),
       (40,28,'2020-10-27','대여'),
       (41,29,'2020-10-27','대여'),
       (42,29,'2020-10-27','대여'),
       (43,30,'2020-10-27','대여'),
       (44,30,'2020-10-27','대여'),
       (45,31,'2020-10-27','대여'),
       (46,31,'2020-10-27','대여'),
       (47,1,'2015-05-21','대여'),
       (48,2,'2016-12-03','대여'),
       (49,3,'2018-02-27','대여'),
       (50,4,'2017-01-25','대여'),
       (51,5,'2022-06-18','대여'),
       (52,6,'2022-01-14','대여'),
       (53,7,'2022-10-28','대여'),
       (54,8,'2018-08-16','대여'),
       (55,9,'2015-03-26','대여'),
       (56,10,'2014-08-17','대여'),
       (57,11,'2018-08-27','대여'),
       (58,12,'2022-09-24','대여'),
       (59,13,'2022-08-15','대여'),
       (60,14,'2020-10-27','대여'),
       (61,14,'2020-10-27','대여'),
       (62,15,'2020-10-27','대여'),
       (63,15,'2020-10-27','대여'),
       (64,16,'2020-10-27','대여'),
       (65,16,'2020-10-27','대여'),
       (66,32,'2022-10-25','대여'),
       (67,33,'2018-08-27','대여'),
       (68,34,'2014-07-13','대여'),
       (69,35,'2016-10-23','대여'),
       (70,36,'2018-09-03','대여'),
       (71,37,'2022-10-13','대여'),
       (72,38,'2022-10-16','대여'),
       (73,39,'2022-09-27','대여'),
       (74,40,'2021-12-15','대여'),
       (75,41,'2022-05-27','대여'),
       (76,42,'2006-08-27','대여'),
       (77,43,'2008-09-03','대여'),
       (78,44,'2013-10-16','대여'),
       (79,45,'2016-01-03','대여'),
       (80,46,'1999-11-27','대여'),
       (81,47,'2019-03-31','대여'),
       (82,48,'2022-02-27','대여'),
       (83,49,'1998-08-04','대여'),
       (84,50,'2013-05-13','대여'),
       (85,51,'2022-01-13','대여'),
       (86,52,'2022-12-03','대여'),
       (87,1,'2018-03-08','대여'),
       (88,1,'2018-03-08','대여'),
       (89,2,'2018-03-08','대여'),
       (90,3,'2018-03-08','대여'),
       (91,4,'2018-03-08','대여'),
       (92,5,'2018-03-08','대여'),
       (93,6,'2018-03-08','대여'),
       (94,7,'2018-03-08','대여'),
       (95,8,'2018-03-08','대여'),
       (96,9,'2018-03-08','대여'),
       (97,10,'2018-03-08','대여'),
       (98,11,'2018-03-08','대여'),
       (99,12,'2018-03-08','대여'),
       (100,13,'2018-03-08','대여'),
       (101,14,'2022-06-19','대여'),
       (102,15,'2022-06-19','대여'),
       (103,16,'2022-06-19','대여'),
       (104,17,'2022-06-19','대여'),
       (105,18,'2022-06-19','대여'),
       (106,19,'2022-06-19','대여'),
       (107,20,'2022-06-19','대여'),
       (108,21,'2022-06-19','대여'),
       (109,54,'2022-12-21','대여'),
       (110,55,'2022-08-19','대여'),
       (259,53,'2022-12-03','대여'),
       (260,54,'2021-08-12','대여'),
       (261,54,'2021-08-12','대여'),
       (262,54,'2021-08-12','대여'),
       (263,55,'2021-12-19','대여'),
       (264,55,'2021-12-19','대여'),
       (302,1,'2011-03-12','대여'),
       (303,2,'2016-06-13','대여'),
       (304,3,'2018-02-19','대여'),
       (305,4,'2017-02-01','대여'),
       (306,5,'2022-06-19','대여'),
       (307,6,'2022-01-21','대여'),
       (308,7,'2022-11-01','대여'),
       (309,8,'2014-06-03','대여'),
       (310,9,'2021-11-19','대여'),
       (311,10,'2009-06-23','대여'),
       (312,11,'2014-08-28','대여'),
       (313,12,'2022-06-01','대여'),
       (314,13,'2022-07-12','대여'),
       (315,32,'2022-01-04','대여'),
       (316,33,'2022-01-04','대여'),
       (317,34,'2022-01-04','대여'),
       (318,35,'2022-01-04','대여'),
       (319,36,'2022-01-04','대여'),
       (320,37,'2022-01-04','대여'),
       (321,38,'2022-01-04','대여'),
       (322,39,'2022-01-04','대여'),
       (323,40,'2022-01-04','대여'),
       (324,41,'2022-01-04','대여'),
       (325,42,'2022-08-30','대여'),
       (326,43,'2022-08-30','대여'),
       (327,44,'2022-08-30','대여'),
       (328,45,'2022-08-30','대여'),
       (329,46,'2022-08-31','대여'),
       (331,47,'2022-08-31','대여'),
       (332,48,'2022-08-30','대여'),
       (333,49,'2022-08-30','대여'),
       (334,50,'2022-08-30','대여'),
       (335,51,'2022-08-30','대여'),
       (336,52,'2022-12-03','대여'),
       (337,53,'2022-12-03','대여'),
       (338,54,'2021-12-12','대여'),
       (339,55,'2021-09-14','대여');

-- rental_history table 생성
CREATE TABLE rental_history AS SELECT * FROM rental WHERE 1=0;
alter table rental_history change equipments_EQUIPMENT_ID EQUIPMENT_ID int;
alter table rental_history change employees_EMPLOYEE_ID EMPLOYEE_ID int;
ALTER TABLE rental_history MODIFY RENT_ID INT NOT NULL AUTO_INCREMENT PRIMARY KEY;
desc rental_history;
alter table rental_history auto_increment = 1;
select * from rental_history;


-- 트리거
-- 장비 반납 시 rental_history에 추가하는 트리거 생성
DELIMITER $$
	CREATE TRIGGER update_rental
	AFTER UPDATE 
	ON rental FOR EACH ROW
	BEGIN
		call add_rental_history(new.rent_id, new.equipments_EQUIPMENT_ID, new.employees_EMPLOYEE_ID, new.start_date, new.end_date, new.status);
    END $$
DELIMITER ;





